model,accuracy_pct,mae_mev_atom,rmse_mev_atom,f1,r2,precision,recall,daf,kappa_srme,geo_opt_rmsd,symmetry_match,architecture,params,openness,license,train_task,targets,training_sets,calc_method,materials_tested,date,doi,repo,source
EquFlashV2,97.8,18.0,66.0,0.929,0.873,0.928,0.93,6.069,0.0941,0.0577,0.8202,gnn,44890492,OSOD,MIT,S2EFS,EFS_G,"MPtrj, OMat24, sAlex","DFT PBE(+U), Materials Project settings; DFT single-point + relaxation: energy, forces, stress","WBM (unique prototypes), inorganic crystals vs MP convex hull",2026-06-11,,https://github.com/SamsungDS/GGNN,Matbench Discovery
EquiformerV3+DeNS-OAM,97.8,18.0,67.0,0.931,0.868,0.928,0.933,6.074,0.1178,0.0595,0.3711,transformer,30333409,OSOD,MIT,S2EFS,EFS_G,"MPtrj, OMat24, sAlex","DFT PBE(+U), Materials Project settings; DFT single-point + relaxation: energy, forces, stress","WBM (unique prototypes), inorganic crystals vs MP convex hull",2026-04-07,10.48550/arXiv.2604.09130,https://github.com/atomicarchitects/equiformer_v3,Matbench Discovery
TACE-OAM-RRA-Preview,97.8,18.0,68.0,0.928,0.866,0.928,0.929,6.07,0.1009,0.0576,0.8185,gnn,213690158,OSOD,MIT,S2EFS,EFS_G,"MPtrj, OMat24, sAlex","DFT PBE(+U), Materials Project settings; DFT single-point + relaxation: energy, forces, stress","WBM (unique prototypes), inorganic crystals vs MP convex hull",2025-09-18,10.57967/hf/7458,https://github.com/xvzemin/tace,Matbench Discovery
TECE-OAM-RRA-1.0,97.8,18.0,66.0,0.929,0.871,0.928,0.93,6.073,0.0927,0.0575,0.8183,gnn,221853358,OSOD,MIT,S2EFS,EFS_G,"MPtrj, OMat24, sAlex","DFT PBE(+U), Materials Project settings; DFT single-point + relaxation: energy, forces, stress","WBM (unique prototypes), inorganic crystals vs MP convex hull",2025-09-18,10.57967/hf/7458,https://github.com/xvzemin/tace,Matbench Discovery
eSEN-30M-OAM,97.7,18.0,67.0,0.925,0.866,0.928,0.923,6.069,0.1704,0.0608,0.7103,gnn,30161153,OSOD,MIT,S2EFS,EFS_G,"MPtrj, OMat24, sAlex","DFT PBE(+U), Materials Project settings; DFT single-point + relaxation: energy, forces, stress","WBM (unique prototypes), inorganic crystals vs MP convex hull",2025-03-17,10.48550/arXiv.2502.12147,https://github.com/FAIR-Chem/fairchem,Matbench Discovery
GRACE-3L-OAM-L,97.7,18.0,65.0,0.925,0.875,0.923,0.926,6.041,0.1211,0.0575,0.824,gnn,42112223,OSOD,ASL,S2EF,EFS_G,"MPtrj, OMat24, sAlex","DFT PBE(+U), Materials Project settings; S2EF","WBM (unique prototypes), inorganic crystals vs MP convex hull",2026-07-02,10.1038/s41524-026-01979-1,https://github.com/ICAMS/grace-tensorpotential,Matbench Discovery
PET-OAM-XL,97.7,19.0,68.0,0.924,0.864,0.929,0.92,6.075,0.1192,0.0596,0.807,transformer,730000000,OSOD,BSD-3-Clause,S2EFS,EFS_G,"MPtrj, OMat24, sAlex","DFT PBE(+U), Materials Project settings; DFT single-point + relaxation: energy, forces, stress","WBM (unique prototypes), inorganic crystals vs MP convex hull",2026-01-10,10.1038/s41467-025-65662-7,https://github.com/lab-cosmo/upet,Matbench Discovery
MatRIS-10M-OAM,97.6,19.0,66.0,0.921,0.871,0.923,0.918,6.039,0.2183,0.0601,0.8153,gnn,10443505,OSOD,BSD-3-Clause,S2EFSM,EFS_GM,"MPtrj, OMat24, sAlex","DFT PBE(+U), Materials Project settings; DFT energy, forces, stress, magmoms","WBM (unique prototypes), inorganic crystals vs MP convex hull",2025-10-29,10.48550/arXiv.2603.02002,https://github.com/HPC-AI-Team/MatRIS,Matbench Discovery
EquFlash,97.5,19.0,66.0,0.919,0.871,0.915,0.922,5.983,0.1583,0.0602,0.7019,gnn,28741188,CSOD,MIT,S2EFS,EFS_G,"MPtrj, OMat24, sAlex","DFT PBE(+U), Materials Project settings; DFT single-point + relaxation: energy, forces, stress","WBM (unique prototypes), inorganic crystals vs MP convex hull",2025-06-23,,https://github.com/SamsungDS/GGNN,Matbench Discovery
eqV2 M,97.5,20.0,72.0,0.917,0.848,0.924,0.91,6.047,1.7707,0.0691,0.1422,transformer,86589068,OSOD,MIT,S2EFS,EFS_D,"MPtrj, OMat24","DFT PBE(+U), Materials Project settings; DFT single-point + relaxation: energy, forces, stress","WBM (unique prototypes), inorganic crystals vs MP convex hull",2024-10-18,10.48550/arXiv.2410.12771,https://github.com/FAIR-Chem/fairchem,Matbench Discovery
TACE-OAM-L,97.2,20.0,67.0,0.91,0.868,0.902,0.919,5.898,0.126,0.0606,0.8188,gnn,82899905,OSOD,MIT,S2EFS,EFS_G,"MPtrj, OMat24, sAlex","DFT PBE(+U), Materials Project settings; DFT single-point + relaxation: energy, forces, stress","WBM (unique prototypes), inorganic crystals vs MP convex hull",2026-04-09,10.57967/hf/7458,https://github.com/xvzemin/tace,Matbench Discovery
Nequip-OAM-XL,97.1,20.0,66.0,0.906,0.872,0.897,0.915,5.869,0.1252,0.063,0.6834,gnn,32100000,OSOD,MIT,S2EFS,EFS_G,"MPtrj, OMat24, sAlex","DFT PBE(+U), Materials Project settings; DFT single-point + relaxation: energy, forces, stress","WBM (unique prototypes), inorganic crystals vs MP convex hull",2025-11-30,10.5281/zenodo.16980200,https://github.com/mir-group/nequip,Matbench Discovery
SevenNet-Omni-i12,97.1,21.0,67.0,0.906,0.868,0.91,0.901,5.954,0.1917,0.0618,0.8187,gnn,54921363,OSOD,MIT,S2EFS,EFS_G,COSMOSDataset,"DFT (see training set); DFT single-point + relaxation: energy, forces, stress","WBM (unique prototypes), inorganic crystals vs MP convex hull",2026-01-12,10.48550/arXiv.2510.11241,https://github.com/MDIL-SNU/SevenNet,Matbench Discovery
ORB v3,97.1,24.0,78.0,0.905,0.821,0.904,0.907,5.912,0.2102,0.075,0.13,transformer,25510582,OSCD,Apache-2.0,S2EFS,EFS_G,"MPtrj, Alex, OMat24","DFT PBE(+U), Materials Project settings; DFT single-point + relaxation: energy, forces, stress","WBM (unique prototypes), inorganic crystals vs MP convex hull",2025-04-05,10.48550/arXiv.2504.06231,https://github.com/orbital-materials/orb-models,Matbench Discovery
SevenNet-MF-ompa,96.9,21.0,67.0,0.901,0.867,0.89,0.911,5.825,0.3171,0.0639,0.8181,gnn,25734966,OSOD,GPL-3.0,S2EFS,EFS_G,"MPtrj, OMat24, sAlex","DFT PBE(+U), Materials Project settings; DFT single-point + relaxation: energy, forces, stress","WBM (unique prototypes), inorganic crystals vs MP convex hull",2025-03-13,10.1021/jacs.4c14455,https://github.com/MDIL-SNU/SevenNet,Matbench Discovery
AlphaNet-v1-OAM,96.8,24.0,76.0,0.901,0.831,0.879,0.924,5.747,0.6435,0.0793,0.1416,gnn,4653577,OSOD,GPL-3.0,S2EFS,EFS_G,"MPtrj, OMat24, sAlex","DFT PBE(+U), Materials Project settings; DFT single-point + relaxation: energy, forces, stress","WBM (unique prototypes), inorganic crystals vs MP convex hull",2025-05-12,10.48550/arXiv.2501.07155,https://github.com/zmyybc/AlphaNet,Matbench Discovery
Nequip-OAM-L,96.7,22.0,68.0,0.893,0.865,0.89,0.895,5.823,0.1657,0.0647,0.7125,gnn,9600000,OSOD,MIT,S2EFS,EFS_G,"MPtrj, OMat24, sAlex","DFT PBE(+U), Materials Project settings; DFT single-point + relaxation: energy, forces, stress","WBM (unique prototypes), inorganic crystals vs MP convex hull",2025-08-28,10.5281/zenodo.16980200,https://github.com/mir-group/nequip,Matbench Discovery
Allegro-OAM-L,96.6,22.0,67.0,0.895,0.868,0.867,0.923,5.674,0.3186,0.0651,0.816,gnn,9700000,OSOD,MIT,S2EFS,EFS_G,"MPtrj, OMat24, sAlex","DFT PBE(+U), Materials Project settings; DFT single-point + relaxation: energy, forces, stress","WBM (unique prototypes), inorganic crystals vs MP convex hull",2025-08-28,10.5281/zenodo.16980200,https://github.com/mir-group/allegro,Matbench Discovery
DPA3-v2-OpenLAM,96.6,22.0,67.0,0.89,0.869,0.879,0.902,5.747,0.688,0.0679,0.719,gnn,7021990,OSCD,LGPL-3.0,S2EFS,EFS_G,OpenLAM,"DFT (see training set); DFT single-point + relaxation: energy, forces, stress","WBM (unique prototypes), inorganic crystals vs MP convex hull",2025-03-14,10.1038/s41524-026-02146-2,https://github.com/deepmodeling/deepmd-kit,Matbench Discovery
TACE-v1-OAM-M,96.5,22.0,68.0,0.889,0.865,0.879,0.9,5.749,0.1729,0.0651,0.8167,gnn,18779248,OSOD,MIT,S2EFS,EFS_G,"MPtrj, OMat24, sAlex","DFT PBE(+U), Materials Project settings; DFT single-point + relaxation: energy, forces, stress","WBM (unique prototypes), inorganic crystals vs MP convex hull",2026-01-06,10.57967/hf/7458,https://github.com/xvzemin/tace,Matbench Discovery
ORB v2 MPA,96.5,28.0,77.0,0.88,0.824,0.924,0.841,6.041,1.7338,0.0973,0.1433,transformer,25161727,OSCD,Apache-2.0,S2EFS,EFS_D,"MPtrj, Alex","DFT PBE(+U), Materials Project settings; DFT single-point + relaxation: energy, forces, stress","WBM (unique prototypes), inorganic crystals vs MP convex hull",2024-10-29,10.48550/arXiv.2410.22570,https://github.com/orbital-materials/orb-models,Matbench Discovery
GRACE-2L-OAM-L,96.4,22.0,68.0,0.883,0.862,0.893,0.874,5.84,0.1688,0.0639,0.8166,gnn,26394284,OSOD,ASL,S2EF,EFS_G,"MPtrj, OMat24, sAlex","DFT PBE(+U), Materials Project settings; S2EF","WBM (unique prototypes), inorganic crystals vs MP convex hull",2025-09-09,10.48550/arXiv.2508.17936,https://github.com/ICAMS/grace-tensorpotential,Matbench Discovery
DPA-3.1-3M-FT,96.3,23.0,67.0,0.884,0.869,0.866,0.903,5.667,0.4695,0.0693,0.7274,gnn,3268838,OSCD,LGPL-3.0,S2EFS,EFS_G,OpenLAM,"DFT (see training set); DFT single-point + relaxation: energy, forces, stress","WBM (unique prototypes), inorganic crystals vs MP convex hull",2025-06-05,10.1038/s41524-026-02146-2,https://github.com/deepmodeling/deepmd-kit,Matbench Discovery
DPA3-v1-OpenLAM,96.3,23.0,67.0,0.883,0.869,0.88,0.885,5.754,0.7407,0.0128,0.7188,gnn,8184608,OSCD,LGPL-3.0,S2EFS,EFS_G,OpenLAM,"DFT (see training set); DFT single-point + relaxation: energy, forces, stress","WBM (unique prototypes), inorganic crystals vs MP convex hull",2025-01-10,10.1038/s41524-026-02146-2,https://github.com/deepmodeling/deepmd-kit/tree/dpa3-alpha,Matbench Discovery
GRACE-2L-OAM,96.3,23.0,68.0,0.88,0.862,0.883,0.878,5.774,0.2943,0.0666,0.733,gnn,12597516,OSOD,ASL,S2EF,EFS_G,"MPtrj, OMat24, sAlex","DFT PBE(+U), Materials Project settings; S2EF","WBM (unique prototypes), inorganic crystals vs MP convex hull",2025-02-06,10.1103/PhysRevX.14.021036,https://github.com/ICAMS/grace-tensorpotential,Matbench Discovery
MatterSim v1 5M,95.9,24.0,68.0,0.862,0.863,0.895,0.831,5.852,0.5745,0.0733,0.8148,gnn,4549142,OSCD,MIT,S2EFS,EFS_G,MatterSim,"DFT (see training set); DFT single-point + relaxation: energy, forces, stress","WBM (unique prototypes), inorganic crystals vs MP convex hull",2024-05-08,10.48550/arXiv.2405.04967,https://github.com/microsoft/mattersim,Matbench Discovery
DPA-4.0.1-Pro-MPtrj,95.6,29.0,74.0,0.857,0.836,0.857,0.856,5.609,0.2114,0.0687,0.6631,gnn,22808191,OSOD,LGPL-3.0,S2EFS,EFS_G,MPtrj,"DFT PBE(+U), Materials Project settings; DFT single-point + relaxation: energy, forces, stress","WBM (unique prototypes), inorganic crystals vs MP convex hull",2026-06-11,10.48550/arXiv.2606.02419,https://github.com/deepmodeling/deepmd-kit,Matbench Discovery
EquiformerV3+DeNS-MP,95.6,29.0,74.0,0.863,0.84,0.838,0.89,5.479,0.2753,0.0701,0.3919,transformer,30278113,OSOD,MIT,S2EFS,EFS_G,MPtrj,"DFT PBE(+U), Materials Project settings; DFT single-point + relaxation: energy, forces, stress","WBM (unique prototypes), inorganic crystals vs MP convex hull",2026-04-07,10.48550/arXiv.2604.09130,https://github.com/atomicarchitects/equiformer_v3,Matbench Discovery
MACE-MPA-0,95.4,28.0,73.0,0.852,0.842,0.853,0.851,5.582,0.4123,0.0731,0.8144,gnn,9063204,OSOD,MIT,S2EFS,EFS_G,"MPtrj, sAlex","DFT PBE(+U), Materials Project settings; DFT single-point + relaxation: energy, forces, stress","WBM (unique prototypes), inorganic crystals vs MP convex hull",2024-12-09,10.48550/arXiv.2401.00096,https://github.com/ACEsuit/mace,Matbench Discovery
DPA-4.0-Pro-MPtrj,95.4,30.0,78.0,0.85,0.823,0.86,0.841,5.628,0.2414,0.0694,0.6502,gnn,32724908,OSOD,LGPL-3.0,S2EFS,EFS_G,MPtrj,"DFT PBE(+U), Materials Project settings; DFT single-point + relaxation: energy, forces, stress","WBM (unique prototypes), inorganic crystals vs MP convex hull",2026-05-20,10.48550/arXiv.2606.02419,https://github.com/deepmodeling/deepmd-kit,Matbench Discovery
MatRIS-10M-MP,95.1,31.0,77.0,0.847,0.824,0.829,0.865,5.422,0.4892,0.0717,0.5766,gnn,10443505,OSOD,BSD-3-Clause,S2EFSM,EFS_GM,MPtrj,"DFT PBE(+U), Materials Project settings; DFT energy, forces, stress, magmoms","WBM (unique prototypes), inorganic crystals vs MP convex hull",2025-10-29,10.48550/arXiv.2603.02002,https://github.com/HPC-AI-Team/MatRIS,Matbench Discovery
NequIP-GNoME,94.8,35.0,85.0,0.829,0.785,0.844,0.814,5.523,,,,gnn,16240000,OSCD,Apache-2.0,S2EFS,EF_G,GNoME,"DFT (see training set); DFT single-point + relaxation: energy, forces, stress","WBM (unique prototypes), inorganic crystals vs MP convex hull",2023-11-29,10.1038/s41586-023-06735-9,https://github.com/google-deepmind/materials_discovery,Matbench Discovery
eSEN-30M-MP,94.6,33.0,78.0,0.831,0.822,0.804,0.861,5.26,0.3398,0.0752,0.3859,gnn,30085121,OSOD,MIT,S2EFS,EFS_G,MPtrj,"DFT PBE(+U), Materials Project settings; DFT single-point + relaxation: energy, forces, stress","WBM (unique prototypes), inorganic crystals vs MP convex hull",2025-02-17,10.48550/arXiv.2502.12147,https://github.com/FAIR-Chem/fairchem,Matbench Discovery
GRACE-1L-OAM,94.4,31.0,73.0,0.824,0.842,0.803,0.846,5.255,0.5166,0.0721,0.7336,gnn,3447148,OSOD,ASL,S2EF,EFS_G,"MPtrj, OMat24, sAlex","DFT PBE(+U), Materials Project settings; S2EF","WBM (unique prototypes), inorganic crystals vs MP convex hull",2025-02-06,10.1103/PhysRevX.14.021036,https://github.com/ICAMS/grace-tensorpotential,Matbench Discovery
eqV2 S DeNS,93.9,36.0,85.0,0.815,0.788,0.771,0.864,5.042,1.6763,0.0757,0.1322,transformer,31207434,OSOD,MIT,S2EFS,EFS_D,MPtrj,"DFT PBE(+U), Materials Project settings; DFT single-point + relaxation: energy, forces, stress","WBM (unique prototypes), inorganic crystals vs MP convex hull",2024-10-18,10.48550/arXiv.2410.12771,https://github.com/FAIR-Chem/fairchem,Matbench Discovery
MatRIS v0.5.0 MPtrj,93.8,37.0,82.0,0.809,0.803,0.772,0.85,5.049,0.8651,0.0773,0.3362,gnn,5825620,OSOD,BSD-3-Clause,S2EFSM,EFS_GM,MPtrj,"DFT PBE(+U), Materials Project settings; DFT energy, forces, stress, magmoms","WBM (unique prototypes), inorganic crystals vs MP convex hull",2025-03-13,10.48550/arXiv.2603.02002,https://github.com/HPC-AI-Team/MatRIS,Matbench Discovery
DPA-3.1-MPtrj,93.6,37.0,80.0,0.803,0.812,0.768,0.841,5.024,0.6503,0.0801,0.728,gnn,4810679,OSOD,LGPL-3.0,S2EFS,EFS_G,MPtrj,"DFT PBE(+U), Materials Project settings; DFT single-point + relaxation: energy, forces, stress","WBM (unique prototypes), inorganic crystals vs MP convex hull",2025-06-05,10.1038/s41524-026-02146-2,https://github.com/deepmodeling/deepmd-kit,Matbench Discovery
AlphaNet-v1-MPtrj,93.3,41.0,93.0,0.799,0.745,0.743,0.864,4.863,1.3046,0.1067,0.1376,gnn,16234332,OSOD,GPL-3.0,S2EFS,EFS_G,MPtrj,"DFT PBE(+U), Materials Project settings; DFT single-point + relaxation: energy, forces, stress","WBM (unique prototypes), inorganic crystals vs MP convex hull",2025-03-05,10.48550/arXiv.2501.07155,https://github.com/zmyybc/AlphaNet,Matbench Discovery
DPA3-v2-MPtrj,92.9,39.0,81.0,0.786,0.804,0.737,0.841,4.822,0.9595,0.0823,0.8052,gnn,4923959,OSOD,LGPL-3.0,S2EFS,EFS_G,MPtrj,"DFT PBE(+U), Materials Project settings; DFT single-point + relaxation: energy, forces, stress","WBM (unique prototypes), inorganic crystals vs MP convex hull",2025-03-14,10.1038/s41524-026-02146-2,https://github.com/deepmodeling/deepmd-kit,Matbench Discovery
Eqnorm MPtrj,92.9,40.0,83.0,0.786,0.799,0.741,0.838,4.844,0.4079,0.0837,0.8113,gnn,1310024,OSOD,MIT,S2EFS,EFS_G,MPtrj,"DFT PBE(+U), Materials Project settings; DFT single-point + relaxation: energy, forces, stress","WBM (unique prototypes), inorganic crystals vs MP convex hull",2025-05-26,,https://github.com/yzchen08/eqnorm,Matbench Discovery
HIENet,92.9,41.0,84.0,0.777,0.793,0.754,0.801,4.932,0.6423,0.0795,0.8002,gnn,7510280,OSOD,GPL-3.0,S2EFS,EFS_G,MPtrj,"DFT PBE(+U), Materials Project settings; DFT single-point + relaxation: energy, forces, stress","WBM (unique prototypes), inorganic crystals vs MP convex hull",2025-02-25,10.48550/arXiv.2503.05771,https://github.com/divelab/AIRS/tree/main/OpenMat/HIENet,Matbench Discovery
ORB v2 MPtrj,92.2,45.0,91.0,0.765,0.756,0.719,0.817,4.702,1.7255,0.1007,0.1335,transformer,25161727,OSOD,Apache-2.0,S2EFS,EFS_D,MPtrj,"DFT PBE(+U), Materials Project settings; DFT single-point + relaxation: energy, forces, stress","WBM (unique prototypes), inorganic crystals vs MP convex hull",2024-10-29,10.48550/arXiv.2410.22570,https://github.com/orbital-materials/orb-models,Matbench Discovery
DPA3-v1-MPtrj,92.1,42.0,83.0,0.765,0.798,0.711,0.828,4.654,0.9647,0.0172,0.7128,gnn,3374647,OSOD,LGPL-3.0,S2EFS,EFS_G,MPtrj,"DFT PBE(+U), Materials Project settings; DFT single-point + relaxation: energy, forces, stress","WBM (unique prototypes), inorganic crystals vs MP convex hull",2025-01-10,10.1038/s41524-026-02146-2,https://github.com/deepmodeling/deepmd-kit/tree/dpa3-alpha,Matbench Discovery
Nequip-MP-L,92.1,43.0,84.0,0.761,0.791,0.719,0.809,4.704,0.4659,0.0856,0.8109,gnn,9600000,OSOD,MIT,S2EFS,EFS_G,MPtrj,"DFT PBE(+U), Materials Project settings; DFT single-point + relaxation: energy, forces, stress","WBM (unique prototypes), inorganic crystals vs MP convex hull",2025-08-28,10.5281/zenodo.16980200,https://github.com/mir-group/nequip,Matbench Discovery
SevenNet-l3i5,92.0,44.0,87.0,0.76,0.776,0.708,0.821,4.629,0.5496,0.0847,0.4412,gnn,1171144,OSOD,GPL-3.0,S2EFS,EFS_G,MPtrj,"DFT PBE(+U), Materials Project settings; DFT single-point + relaxation: energy, forces, stress","WBM (unique prototypes), inorganic crystals vs MP convex hull",2024-02-06,10.1021/acs.jctc.4c00190,https://github.com/MDIL-SNU/SevenNet,Matbench Discovery
Allegro-MP-L,91.5,44.0,87.0,0.751,0.778,0.69,0.823,4.516,0.5039,0.0816,0.7211,gnn,18700000,OSOD,MIT,S2EFS,EFS_G,MPtrj,"DFT PBE(+U), Materials Project settings; DFT single-point + relaxation: energy, forces, stress","WBM (unique prototypes), inorganic crystals vs MP convex hull",2025-08-28,10.5281/zenodo.16980200,https://github.com/mir-group/allegro,Matbench Discovery
Nequix MP PFT,91.4,44.0,85.0,0.748,0.784,0.685,0.825,4.479,0.3066,0.0866,0.8109,gnn,707658,OSOD,MIT,S2EFS,EFSH_G,"MPtrj, MDR-MP PBE ω_q","DFT PBE(+U), Materials Project settings; DFT single-point + relaxation: energy, forces, stress","WBM (unique prototypes), inorganic crystals vs MP convex hull",2026-01-08,10.48550/arXiv.2601.07742,https://github.com/atomicarchitects/nequix,Matbench Discovery
Nequix MP,91.4,44.0,86.0,0.751,0.782,0.681,0.836,4.455,0.4461,0.0853,0.6999,gnn,707658,OSOD,MIT,S2EFS,EFS_G,MPtrj,"DFT PBE(+U), Materials Project settings; DFT single-point + relaxation: energy, forces, stress","WBM (unique prototypes), inorganic crystals vs MP convex hull",2025-08-17,10.48550/arXiv.2508.16067,https://github.com/atomicarchitects/nequix,Matbench Discovery
SevenNet-0,90.4,48.0,92.0,0.724,0.75,0.65,0.818,4.252,0.762,0.0193,0.4535,gnn,842440,OSOD,GPL-3.0,S2EFS,EFS_G,MPtrj,"DFT PBE(+U), Materials Project settings; DFT single-point + relaxation: energy, forces, stress","WBM (unique prototypes), inorganic crystals vs MP convex hull",2024-02-06,10.1021/acs.jctc.4c00190,https://github.com/MDIL-SNU/SevenNet,Matbench Discovery
GRACE-2L-MPtrj,89.5,52.0,94.0,0.691,0.741,0.636,0.757,4.163,0.5255,0.0897,0.7315,gnn,15346704,OSOD,ASL,S2EF,EFS_G,MPtrj,"DFT PBE(+U), Materials Project settings; S2EF","WBM (unique prototypes), inorganic crystals vs MP convex hull",2024-11-21,10.1103/PhysRevX.14.021036,https://github.com/ICAMS/grace-tensorpotential,Matbench Discovery
MACE-MP-0,87.8,57.0,101.0,0.669,0.697,0.577,0.796,3.777,0.6823,0.0915,0.7385,gnn,4688656,OSOD,MIT,S2EFS,EFS_G,MPtrj,"DFT PBE(+U), Materials Project settings; DFT single-point + relaxation: energy, forces, stress","WBM (unique prototypes), inorganic crystals vs MP convex hull",2022-05-13,10.48550/arXiv.2401.00096,https://github.com/ACEsuit/mace,Matbench Discovery
BAM-MP-core,86.9,60.0,99.0,0.623,0.712,0.563,0.698,3.682,0.8475,0.0863,0.7256,gnn,17023365,OSOD,MIT,S2EFS,EFS_G,MPtrj,"DFT PBE(+U), Materials Project settings; DFT single-point + relaxation: energy, forces, stress","WBM (unique prototypes), inorganic crystals vs MP convex hull",2025-10-03,10.48550/arXiv.2510.03046,https://github.com/myung-group/BAM-torch,Matbench Discovery
ESNet,85.7,109.0,194.0,0.572,-0.114,0.535,0.614,3.498,,,,transformer,5429033,OSOD,Apache-2.0,RS2RE,E,MP 2022,DFT (see training set); relaxed structure to relaxed energy,"WBM (unique prototypes), inorganic crystals vs MP convex hull",2025-06-20,10.21203/rs.3.rs-5979703/v1,https://github.com/zzz-sl/ESNet,Matbench Discovery
CHGNet,85.1,63.0,103.0,0.613,0.689,0.514,0.758,3.361,1.7167,0.0949,0.6062,gnn,412525,OSOD,BSD-3-Clause,S2EFSM,EFS_GM,MPtrj,"DFT PBE(+U), Materials Project settings; DFT energy, forces, stress, magmoms","WBM (unique prototypes), inorganic crystals vs MP convex hull",2023-03-01,10.48550/arXiv.2302.14231,https://github.com/CederGroupHub/chgnet,Matbench Discovery
ALIGNN,84.1,93.0,154.0,0.567,0.297,0.49,0.672,3.206,,,,gnn,4026753,OSOD,MIT,RS2RE,E,MP 2022,DFT (see training set); relaxed structure to relaxed energy,"WBM (unique prototypes), inorganic crystals vs MP convex hull",2021-02-22,10.1038/s41524-021-00650-1,https://github.com/usnistgov/alignn,Matbench Discovery
MEGNet,82.6,130.0,206.0,0.51,-0.248,0.452,0.585,2.959,,,,gnn,167761,OSOD,BSD-3-Clause,RS2RE,E,MP Graphs,DFT (see training set); relaxed structure to relaxed energy,"WBM (unique prototypes), inorganic crystals vs MP convex hull",2021-12-18,10.1021/acs.chemmater.9b01294,https://github.com/materialsvirtuallab/megnet,Matbench Discovery
CGCNN,81.8,138.0,233.0,0.507,-0.603,0.436,0.605,2.855,,,,gnn,128450,OSOD,MIT,RS2RE,E,MP 2022,DFT (see training set); relaxed structure to relaxed energy,"WBM (unique prototypes), inorganic crystals vs MP convex hull",2017-10-27,10.1103/PhysRevLett.120.145301,https://github.com/CompRhys/aviary,Matbench Discovery
M3GNet,81.2,75.0,118.0,0.569,0.585,0.441,0.803,2.882,1.4094,0.1117,0.7408,gnn,227549,OSOD,BSD-3-Clause,S2EFS,EFS_G,MPF,"DFT PBE(+U), MPF2021; DFT single-point + relaxation: energy, forces, stress","WBM (unique prototypes), inorganic crystals vs MP convex hull",2022-02-05,10.1038/s43588-022-00349-3,https://github.com/materialsvirtuallab/m3gnet,Matbench Discovery
EMA-GNN,79.7,86.0,141.0,0.558,0.412,0.421,0.826,2.753,,,,gnn,2209793,OSOD,MIT,RS2RE,E,MP 2022,DFT (see training set); relaxed structure to relaxed energy,"WBM (unique prototypes), inorganic crystals vs MP convex hull",2026-08-08,10.6084/m9.figshare.33111509,https://github.com/submerged-in-matrix/gnome-repro-structural,Matbench Discovery
CGCNN+P,78.6,113.0,182.0,0.5,0.019,0.392,0.693,2.563,,,,gnn,128450,OSOD,MIT,S2RE,E,MP 2022,DFT (see training set); structure to relaxed energy,"WBM (unique prototypes), inorganic crystals vs MP convex hull",2022-02-28,10.1038/s41524-022-00891-8,https://github.com/JasonGibsonUfl/Augmented_CGCNN,Matbench Discovery
Wrenformer,74.5,110.0,186.0,0.466,-0.018,0.345,0.719,2.256,,,,transformer,5166658,OSOD,MIT,RP2RE,E,MP 2022,DFT (see training set); relaxed prototype to relaxed energy,"WBM (unique prototypes), inorganic crystals vs MP convex hull",2021-06-21,10.1126/sciadv.abn4117,https://github.com/CompRhys/aviary,Matbench Discovery
AlchemBERT,71.3,117.0,175.0,0.421,0.096,0.306,0.673,2.001,,,,transformer,110000000,OSOD,GPL-3.0,RS2RE,E,MP 2022,DFT (see training set); relaxed structure to relaxed energy,"WBM (unique prototypes), inorganic crystals vs MP convex hull",2024-12-11,10.26434/chemrxiv-2024-r4dnl,https://gitee.com/liuxiaotong15/alchemBERT,Matbench Discovery
BOWSR,69.7,118.0,167.0,0.423,0.151,0.3,0.718,1.964,,0.195,0.5299,"gnn, bayesian_optimization",167761,OSOD,BSD-3-Clause,RS2RE,E,MP Graphs,DFT (see training set); relaxed structure to relaxed energy,"WBM (unique prototypes), inorganic crystals vs MP convex hull",2021-04-20,10.1016/j.mattod.2021.08.012,https://github.com/materialsvirtuallab/maml,Matbench Discovery
Voronoi RF,66.8,148.0,212.0,0.333,-0.329,0.241,0.535,1.579,,,,"fingerprint, random_forest",26243464,OSOD,MIT,RS2RE,E,MP 2022,DFT (see training set); relaxed structure to relaxed energy,"WBM (unique prototypes), inorganic crystals vs MP convex hull",2017-07-14,10.1103/PhysRevB.96.024104,https://github.com/janosh/matbench-discovery,Matbench Discovery
ALIGNN FF,,,,,,,,,,,,gnn,0,OSOD,MIT,S2EFS,EFS_G,MPtrj,"DFT PBE(+U), Materials Project settings; DFT single-point + relaxation: energy, forces, stress",,2022-09-16,10.1039/D2DD00096B,https://github.com/usnistgov/alignn,Matbench Discovery
